,reccomendation,reccomendation_code
0,Alberta Martin,257
1,Vincent Murphy,282
2,Haris Evans,23
3,Belinda Barrett,86
4,Ned Moore,162
5,Kelsey Cameron,218
6,Arianna Phillips,362
7,Amber Hunt,395
8,Alexia Gibson,77
9,Spike Thomas,66
10,Catherine Ellis,258
11,Dominik Nelson,43
12,Sam Johnston,203
13,Dexter Harris,41
14,Olivia Wells,356
15,Emily Jones,369
16,Reid Morris,399
17,Lucas Cole,51
18,Alissa Crawford,115
19,Lily Williams,212
20,Florrie Hunt,340
21,Joyce Morrison,152
22,Eric Armstrong,415
23,Isabella Craig,117
24,Dominik Moore,383
25,Sydney Murray,420
26,Lily Cameron,9
27,Leonardo Hall,18
28,Kelsey Alexander,0
29,Nicholas Spencer,72
30,Belinda Cole,184
31,Chloe Murphy,201
32,Blake Fowler,104
33,Carl Campbell,286
34,Jared Andrews,56
35,Adam Elliott,95
36,Julia Lloyd,121
37,Audrey Baker,137
38,Ted Douglas,263
39,Sawyer Evans,267
40,Stuart Campbell,345
41,Sofia Fowler,403
42,Cherry Murray,417
43,Ashton Roberts,447
44,Rubie Mitchell,19
45,Charlotte Higgins,164
46,David Alexander,374
47,Edgar Hall,3
48,John Jones,16
49,Madaline Phillips,64
50,Tyler Barnes,247
51,Dexter Henderson,370
52,John Ferguson,444
53,Walter Ferguson,163
54,Jared Morgan,388
55,Bruce Rogers,165
56,Mary Brown,116
57,Dominik Morris,254
58,Henry Chapman,209
59,Maximilian Douglas,322
60,Vincent Kelley,332
61,Cherry Fowler,439
62,Alexia Warren,449
63,Lydia Craig,154
64,Maria Douglas,176
65,Adrianna Williams,347
66,Ned Baker,365
67,Justin Farrell,61
68,Aldus Morgan,134
69,Audrey Edwards,336
70,Madaline Wright,443
71,Chelsea Morris,248
72,Deanna Turner,285
73,Amy Kelly,451
74,Aston Walker,125
75,Heather Hunt,127
76,April Johnson,17
77,Catherine Cameron,386
78,Heather Murray,53
79,Henry Armstrong,55
80,Emily Wilson,150
81,Jared Walker,268
82,Spike Campbell,344
83,Owen Richardson,141
84,Samantha Casey,290
85,Ryan Barrett,98
86,Madaline Crawford,122
87,Lucas Henderson,259
88,Richard Williams,143
89,Daniel Murphy,305
90,Dale Watson,366
91,Clark Watson,32
92,Carina Wilson,129
93,Vincent Martin,265
94,Arnold Williams,342
95,Dainton Carroll,398
96,Nicole Rogers,407
97,Tara Robinson,401
98,Camila Bailey,348
99,Steven Craig,205
100,Leonardo Evans,160
101,Aiden Cunningham,108
102,Albert Armstrong,31
103,Audrey Montgomery,187
104,Alberta Chapman,359
105,Dominik Smith,52
106,Samantha Sullivan,93
107,Paul Perry,227
108,Camila Perry,243
109,Arnold Dixon,251
110,Carina Harrison,261
111,Vivian Ross,292
112,Maddie Payne,324
113,Nicole Holmes,333
114,Ryan Henderson,11
115,Richard Richardson,85
116,James Morgan,120
117,Rebecca Payne,214
118,Owen Payne,130
119,Grace Murphy,441
120,Andrew Spencer,75
121,Jordan Robinson,118
122,Adison Howard,174
123,Carina Barrett,1
124,Maria Morgan,79
125,Garry Wilson,216
126,Lana Cunningham,181
127,David Scott,182
128,Lenny Robinson,303
129,Maria Moore,109
130,Lenny Richardson,126
131,Lyndon Foster,410
132,Sophia Bailey,297
133,Arthur Hamilton,389
134,Lana Lloyd,337
135,Sarah Parker,394
136,Carlos Hunt,153
137,Oliver Crawford,48
138,Amber Hall,60
139,Amber Fowler,131
140,Naomi Elliott,318
141,Brooke Taylor,328
142,Amber Carter,440
143,Natalie Walker,185
144,Sienna Perkins,50
145,Eric Thompson,196
146,George Hawkins,149
147,Dainton Russell,213
148,Spike Roberts,142
149,Wilson Cameron,364
150,Natalie Myers,67
151,William Perry,114
152,Rosie Walker,161
153,Haris Hawkins,189
154,William Morris,193
155,Amy Harris,430
156,Ellia Tucker,5
157,Annabella Holmes,4
158,Jordan Gibson,10
159,Patrick Campbell,26
160,David Thompson,47
161,Savana Stevens,105
162,Adele Murray,147
163,Sophia Higgins,198
164,Tiana Hall,224
165,Brooke Davis,264
166,Melissa Smith,296
167,Amelia Clark,306
168,Elian Perry,309
169,Arnold Payne,346
170,Sienna Morgan,352
171,Aston Ross,354
172,Carlos Scott,422
173,Sabrina Allen,437
174,Adelaide Morris,438
175,Cadie Johnston,89
176,Maximilian Perry,65
177,Gianna Carroll,96
178,Briony Mason,34
179,Tyler Grant,80
180,Chelsea Gray,83
181,Lucy Hunt,94
182,Ellia Mitchell,113
183,Olivia Perry,166
184,Wilson Carroll,170
185,Kellan Warren,177
186,Grace Richards,178
187,Brooke Owens,238
188,Michelle Dixon,273
189,Jacob Lloyd,288
190,Justin Hall,300
191,Leonardo Reed,326
192,Luke West,355
193,Lucia Murray,405
194,Chloe Carroll,418
195,Max Clark,425
196,Sabrina Hamilton,428
197,Lucia Grant,433
198,Honey Ellis,70
200,Melanie Thompson,63
201,Dainton Carroll,295
202,Carl Stevens,24
203,Alexander Phillips,148
204,Amanda Riley,249
205,Vanessa Payne,250
206,Sam Grant,278
207,Aldus Alexander,314
208,Amanda Harper,375
209,Melissa Wright,315
210,Oliver Chapman,330
211,Catherine Gibson,311
212,Richard Montgomery,81
213,Alisa Roberts,299
214,Adele Russell,351
215,Kate Alexander,210
216,Ned Perry,372
217,Paige Cooper,46
218,Carina Campbell,28
219,Florrie Riley,74
220,Catherine Morgan,302
222,Daryl Phillips,133
223,Olivia Mitchell,33
224,Arthur Perkins,381
225,Natalie Hamilton,390
227,Melanie Elliott,106
228,Derek Harris,112
229,Edward Murray,22
230,Victor Martin,78
231,Harold Gibson,168
232,Agata Perry,45
233,Walter Spencer,123
234,Alisa Alexander,287
235,Lenny Perkins,367
236,Anna Edwards,416
237,Florrie Perkins,2
238,Kevin Thompson,119
239,Wilson Miller,391
240,Camila Tucker,393
241,Kirsten Sullivan,12
242,Lydia Rogers,84
243,Ada Hamilton,99
244,Alexia West,180
245,Roman Wilson,200
246,Nicholas Mason,20
247,Stuart Alexander,423
248,Catherine Roberts,139
250,James Grant,35
251,Tony Hunt,90
252,Aldus Hall,155
253,Darcy Reed,173
254,Amber Miller,222
255,Sawyer Baker,242
256,Justin Armstrong,335
257,Edwin Roberts,377
258,Victoria Russell,276
259,Alissa Stevens,376
260,Naomi Mitchell,37
261,Sophia Edwards,58
262,Alexia Perkins,197
263,Amelia Martin,269
264,Miley Riley,30
265,Heather Fowler,194
266,Spike Gibson,427
267,Cadie Ferguson,215
268,Abraham Cooper,397
269,Thomas Harper,450
270,Thomas Carroll,82
271,Evelyn Higgins,275
272,Ned Sullivan,316
273,Lucas Alexander,402
274,Kellan Owens,233
275,Paul Baker,434
276,Gianna Casey,42
277,Dominik Robinson,350
278,Fiona Rogers,408
279,Brad Davis,413
280,Valeria Richards,255
281,Anna Howard,442
282,Lenny Montgomery,169
283,Michael Farrell,252
284,Sarah Turner,392
285,Adrian Parker,107
286,Rafael Wells,110
287,Oscar Andrews,211
288,Valeria Tucker,293
289,Emma Fowler,307
290,Agata Barrett,308
291,Carl Cunningham,353
292,Abraham Harper,380
293,Darcy Davis,424
294,Alexander Hall,429
295,Rafael Tucker,234
296,Victor Howard,436
297,Chloe Lloyd,7
298,Sabrina Tucker,103
299,Alina Fowler,280
300,Edward Cunningham,310
301,Rosie Williams,36
302,Abigail Williams,188
303,Lilianna Hunt,387
304,Alen Ryan,339
305,Marcus Ryan,27
306,Caroline Andrews,54
307,Connie Barrett,241
308,Joyce Lloyd,321
309,Natalie Allen,145
310,Robert Douglas,69
311,Walter Rogers,373
312,Melissa Anderson,135
313,Chelsea Wilson,199
314,Alissa Tucker,298
315,Rebecca Hamilton,87
316,Elian Gray,230
317,Freddie Carroll,378
318,Ryan Cunningham,144
319,Daryl Barnes,25
320,Tony Howard,40
321,Olivia Russell,317
322,Ryan Alexander,38
323,Violet Holmes,159
324,Natalie Mitchell,220
325,Rosie Fowler,446
326,Alexander Richardson,289
327,Tiana Chapman,320
328,Alberta Hawkins,384
329,Olivia Parker,382
330,George Harris,412
331,Dexter Carroll,49
332,Chloe Hunt,124
333,Chester Gray,228
334,Vincent Hill,244
335,Catherine Howard,192
336,Cadie Campbell,445
337,Aida Smith,190
338,Cadie Cunningham,8
339,Michelle Higgins,21
340,Tiana Harrison,29
341,Elian Holmes,59
342,Dexter Brown,62
343,Charlie Parker,100
344,Alexia Tucker,101
345,Victor Turner,146
346,Arthur Ellis,171
347,Preston Foster,221
348,Kevin Dixon,236
349,Melanie Henderson,272
351,Garry Morrison,313
352,Maria Davis,331
353,Cadie Perry,334
354,Alen Stewart,421
355,Dainton Nelson,76
356,Maddie Moore,341
357,Darcy Gray,179
358,Cherry Morris,256
359,Jack Murphy,349
360,Kristian Harris,245
361,Adam Cooper,57
362,Henry Edwards,207
363,Andrew Rogers,68
364,Kimberly Ross,266
365,Kate Rogers,195
366,Jordan Douglas,426
367,Kimberly Gray,400
368,Miley Ellis,102
369,Jordan Holmes,97
370,Daryl Casey,202
371,Edward Hall,206
372,Vanessa Wright,271
373,Adrian Stevens,88
374,Oliver Henderson,157
375,Alfred Cooper,231
376,Sarah Craig,291
377,Savana Nelson,301
378,Savana Barnes,325
379,Kelvin Sullivan,385
380,Ellia Gibson,338
383,Blake Owens,404
384,John Elliott,183
385,Amber Hall,368
386,Lilianna Tucker,138
387,Lenny Anderson,260
388,Agata Grant,327
389,Frederick Morrison,396
390,Vivian Myers,409
391,Victor Sullivan,6
392,Wilson Armstrong,91
393,Catherine Nelson,158
394,Luke Carter,204
395,Sabrina Harris,363
396,Alen Brooks,92
398,Elian Alexander,223
399,Spike Ryan,358
400,Jessica Wright,406
401,Roman Richardson,270
402,Adele Walker,167
403,Tyler Turner,175
405,Abigail Montgomery,208
407,Hailey Murphy,13
408,Wilson Holmes,111
409,Henry Hunt,39
410,Wilson Perkins,140
411,Darcy Parker,319
412,Ned Parker,343
413,Clark Taylor,361
414,Miranda Martin,432
415,Maya Roberts,239
416,Chester Bailey,191
417,Jasmine Robinson,219
418,Eddy Bennett,274
419,Anna Cunningham,304
420,Maya Edwards,235
421,Daryl Anderson,172
422,Charlie Harrison,186
423,Alina Barrett,323
424,Sienna Murphy,419
425,Amanda Mitchell,132
426,Daniel Cameron,229
427,Alan Watson,448
428,George Cunningham,360
429,April Richards,73
430,Kelvin Alexander,246
431,Connie Kelly,225
432,Gianna Watson,232
433,Ellia Ellis,277
434,Adele Wells,357
436,Catherine Campbell,237
438,Dale Jones,151
439,Jacob Parker,156
440,Jessica Cooper,226
441,Alen Hawkins,240
442,Kimberly Murphy,262
443,Olivia Miller,281
444,Melissa Casey,283
445,Belinda Hunt,312
447,Sam Murphy,435
448,Emily Reed,44
449,Isabella Barnes,253
450,Harold Payne,431
451,Miranda Foster,14
452,Olivia Wright,15
453,Adelaide Alexander,71
454,Hailey Hall,128
455,Kristian Farrell,279
456,Brooke Barrett,379
457,Miranda Howard,414
458,Agata Holmes,217
459,Maria West,329
460,Carl Wright,411
461,Miranda Craig,284
462,Kate Richards,294
463,Abraham Moore,136
464,Robert Davis,371
